{
  "type": "minecraft:random_patch",
  "config": {
    "tries": 300,
    "xz_spread": 5,
    "y_spread": 5,
    "feature": {
      "feature": {
        "type": "minecraft:block_column",
        "config": {
          "direction": "up",
          "allowed_placement": {
            "type": "minecraft:true"
          },
          "prioritize_tip": false,
          "layers": [
            {
              "height": {
                "type": "minecraft:uniform",
                "value": {
                  "min_inclusive": 3,
                  "max_inclusive": 6
                }
              },
              "provider": {
                "type": "minecraft:weighted_state_provider",
                "entries": [
                  {
                    "weight": 12,
                    "data": {
                      "Name": "minecraft:warped_wart_block"
                    }
                  },
                  {
                    "weight": 30,
                    "data": {
                      "Name": "minecraft:nether_wart_block"
                    }
                  }
                ]
              }
            }
          ]
        }
      },
      "placement": [
        {
          "type": "minecraft:block_predicate_filter",
          "predicate": {
            "type": "minecraft:all_of",
            "predicates": [
              {
                "type": "minecraft:matching_blocks",
                "offset": [
                  0,
                  -1,
                  0
                ],
                "blocks": [
                  "minecraft:soul_soil",
                  "minecraft:soul_sand"
                ]
              },
							{
								"type": "minecraft:not",
								"predicate": {
									"type": "minecraft:matching_blocks",
									"blocks": [
										"minecraft:lava"
									]
								}
							},
							{
								"type": "minecraft:not",
								"predicate": {
									"type": "minecraft:matching_blocks",
									"offset": [
										0,
										1,
										0
									],
									"blocks": [
										"minecraft:lava"
									]
								}
							}
            ]
          }
        }
      ]
    }
  }
}
