{
	"type": "minecraft:block_column",
	"config": {
		"direction": "up",
		"allowed_placement": {
			"type": "minecraft:matching_blocks",
			"offset": [
				0,
				1,
				0
			],
			"blocks": [
				"minecraft:air"
			]
		},
		"prioritize_tip": true,
		"layers": [
			{
				"height": {
					"type": "minecraft:weighted_list",
					"distribution": [
						{
							"weight": 2,
							"data": {
								"type": "minecraft:uniform",
								"value": {
									"min_inclusive": 0,
									"max_inclusive": 32
								}
							}
						},
						{
							"weight": 3,
							"data": {
								"type": "minecraft:uniform",
								"value": {
									"min_inclusive": 0,
									"max_inclusive": 17
								}
							}
						},
						{
							"weight": 10,
							"data": {
								"type": "minecraft:uniform",
								"value": {
									"min_inclusive": 0,
									"max_inclusive": 25
								}
							}
						}
					]
				},
				"provider": {
					"type": "minecraft:simple_state_provider",
					"state": {
						"Name": "minecraft:twisting_vines_plant"
					}
				}
			},
			{
				"height": 1,
				"provider": {
					"type": "minecraft:randomized_int_state_provider",
					"property": "age",
					"values": {
						"type": "minecraft:uniform",
						"value": {
							"min_inclusive": 23,
							"max_inclusive": 25
						}
					},
					"source": {
						"type": "minecraft:simple_state_provider",
						"state": {
							"Name": "minecraft:twisting_vines",
							"Properties": {
								"age": "0"
							}
						}
					}
				}
			}
		]
	}
}
