{
    "feature": "fokastudio:warped_forest/ceiling",
    "placement": [
      {
        "type": "minecraft:biome"
      },
      {
        "type": "minecraft:count",
        "count": {
          "type": "minecraft:uniform",
          "value": {
            "min_inclusive": 10,
            "max_inclusive": 38
          }
        }
      },
      {
        "type": "minecraft:height_range",
        "height": {
          "type": "minecraft:uniform",
          "min_inclusive": {
            "above_bottom": 0
          },
          "max_inclusive": {
            "below_top": 0
          }
        }
      },
          {
              "type": "minecraft:environment_scan",
              "direction_of_search": "up",
              "max_steps": 32,
              "target_condition": {
                  "type": "minecraft:solid"
              },
              "allowed_search_condition": {
                  "type": "minecraft:matching_blocks",
                  "blocks": [
                      "minecraft:air"
                  ]
              }
          },
      {
        "type":"in_square"
      }
    ]
  }
  