{
	"sea_level": 32,
	"disable_mob_generation": false,
	"aquifers_enabled": false,
	"ore_veins_enabled": false,
	"legacy_random_source": false,
	"default_block": {
		"Name": "minecraft:netherrack"
	},
	"default_fluid": {
		"Name": "minecraft:lava",
		"Properties": {
			"level": "0"
		}
	},
	"noise": {
		"min_y": 0,
		"height": 192,
		"size_horizontal": 4,
		"size_vertical": 2,
		"sampling": {
			"xz_scale": 1.25,
			"y_scale": 1,
			"xz_factor": 80,
			"y_factor": 60
		},
		"bottom_slide": {
			"target": 0.2,
			"size": 6,
			"offset": -1
		},
		"top_slide": {
			"target": 0.9375,
			"size": 6,
			"offset": 0
		},
		"terrain_shaper": {
			"offset": 0,
			"factor": 0,
			"jaggedness": 0
		}
	},
	"noise_router": {
		"barrier": 0,
		"fluid_level_floodedness": 0,
		"fluid_level_spread": 0,
		"lava": 0,
		"temperature": {
			"type": "minecraft:shifted_noise",
			"noise": "minecraft:temperature",
			"xz_scale": 0.25,
			"y_scale": 0,
			"shift_x": "minecraft:shift_x",
			"shift_y": 0,
			"shift_z": "minecraft:shift_z"
		},
		"vegetation": {
			"type": "minecraft:shifted_noise",
			"noise": "minecraft:vegetation",
			"xz_scale": 0.25,
			"y_scale": 0,
			"shift_x": "minecraft:shift_x",
			"shift_y": 0,
			"shift_z": "minecraft:shift_z"
		},
		"continents": "minecraft:overworld/continents",
		"erosion": "minecraft:overworld/erosion",
		"depth": "minecraft:overworld/depth",
		"ridges": "minecraft:overworld/ridges",
		"initial_density_without_jaggedness": {
			"type": "minecraft:mul",
			"argument1": 4,
			"argument2": {
				"type": "minecraft:quarter_negative",
				"argument": {
					"type": "minecraft:mul",
					"argument1": "minecraft:overworld/depth",
					"argument2": "minecraft:overworld/factor"
				}
			}
		},
		"final_density": {
			"type": "minecraft:squeeze",
			"argument": {
				"type": "minecraft:mul",
				"argument1": 0.64,
				"argument2": {
					"type": "minecraft:interpolated",
					"argument": {
						"type": "minecraft:blend_density",
						"argument": {
							"type": "minecraft:slide",
							"argument": "minecraft:overworld/sloped_cheese"
						}
					}
				}
			}
		},
		"vein_toggle": 0,
		"vein_ridged": 0,
		"vein_gap": 0
	},
	"surface_rule": {
		"type": "minecraft:sequence",
		"sequence": [
			{
				"type": "minecraft:condition",
				"if_true": {
					"type": "minecraft:vertical_gradient",
					"random_name": "minecraft:bedrock_floor",
					"true_at_and_below": {
						"above_bottom": 0
					},
					"false_at_and_above": {
						"above_bottom": 5
					}
				},
				"then_run": {
					"type": "minecraft:block",
					"result_state": {
						"Name": "minecraft:bedrock"
					}
				}
			},
			{
				"type": "minecraft:condition",
				"if_true": {
					"type": "minecraft:not",
					"invert": {
						"type": "minecraft:vertical_gradient",
						"random_name": "minecraft:bedrock_roof",
						"true_at_and_below": {
							"below_top": 5
						},
						"false_at_and_above": {
							"below_top": 0
						}
					}
				},
				"then_run": {
					"type": "minecraft:block",
					"result_state": {
						"Name": "minecraft:bedrock"
					}
				}
			},
			{
				"type": "minecraft:condition",
				"if_true": {
					"type": "minecraft:biome",
					"biome_is": [
						"minecraft:basalt_deltas"
					]
				},
				"then_run": {
					"type": "minecraft:sequence",
					"sequence": [
						{
							"type": "minecraft:condition",
							"if_true": {
								"type": "minecraft:stone_depth",
								"offset": 0,
								"surface_type": "ceiling",
								"add_surface_depth": true,
								"secondary_depth_range": 0
							},
							"then_run": {
								"type": "minecraft:block",
								"result_state": {
									"Name": "minecraft:basalt",
									"Properties": {
										"axis": "y"
									}
								}
							}
						},
						{
							"type": "minecraft:condition",
							"if_true": {
								"type": "minecraft:stone_depth",
								"offset": 0,
								"surface_type": "floor",
								"add_surface_depth": true,
								"secondary_depth_range": 6
							},
							"then_run": {
								"type": "minecraft:sequence",
								"sequence": [
									{
										"type": "minecraft:condition",
										"if_true": {
											"type": "minecraft:noise_threshold",
											"noise": "minecraft:patch",
											"min_threshold": -0.012,
											"max_threshold": 1.7976931348623157e+308
										},
										"then_run": {
											"type": "minecraft:condition",
											"if_true": {
												"type": "minecraft:y_above",
												"anchor": {
													"absolute": 30
												},
												"surface_depth_multiplier": 0,
												"add_stone_depth": true
											},
											"then_run": {
												"type": "minecraft:condition",
												"if_true": {
													"type": "minecraft:not",
													"invert": {
														"type": "minecraft:y_above",
														"anchor": {
															"absolute": 35
														},
														"surface_depth_multiplier": 0,
														"add_stone_depth": true
													}
												},
												"then_run": {
													"type": "minecraft:block",
													"result_state": {
														"Name": "minecraft:gravel"
													}
												}
											}
										}
									},
									{
										"type": "minecraft:condition",
										"if_true": {
											"type": "minecraft:noise_threshold",
											"noise": "minecraft:nether_state_selector",
											"min_threshold": 0,
											"max_threshold": 1.7976931348623157e+308
										},
										"then_run": {
											"type": "minecraft:block",
											"result_state": {
												"Name": "minecraft:basalt",
												"Properties": {
													"axis": "y"
												}
											}
										}
									},
									{
										"type": "minecraft:block",
										"result_state": {
											"Name": "minecraft:blackstone"
										}
									}
								]
							}
						}
					]
				}
			},
			{
				"type": "minecraft:condition",
				"if_true": {
					"type": "minecraft:biome",
					"biome_is": [
						"minecraft:soul_sand_valley"
					]
				},
				"then_run": {
					"type": "minecraft:sequence",
					"sequence": [
						{
							"type": "minecraft:condition",
							"if_true": {
								"type": "minecraft:stone_depth",
								"offset": 0,
								"surface_type": "ceiling",
								"add_surface_depth": true,
								"secondary_depth_range": 0
							},
							"then_run": {
								"type": "minecraft:sequence",
								"sequence": [
									{
										"type": "minecraft:condition",
										"if_true": {
											"type": "minecraft:noise_threshold",
											"noise": "fokastudio:nether/soul_sand_valley/nether_wart",
											"min_threshold": 0.05,
											"max_threshold": 0.15
										},
										"then_run": {
											"type": "minecraft:block",
											"result_state": {
												"Name": "minecraft:nether_wart_block"
											}
										}
									},
									{
										"type": "minecraft:condition",
										"if_true": {
											"type": "minecraft:noise_threshold",
											"noise": "fokastudio:nether/soul_sand_valley/warped_wart",
											"min_threshold": 0.05,
											"max_threshold": 0.15
										},
										"then_run": {
											"type": "minecraft:block",
											"result_state": {
												"Name": "minecraft:warped_wart_block"
											}
										}
									},
									{
										"type": "minecraft:condition",
										"if_true": {
											"type": "minecraft:noise_threshold",
											"noise": "minecraft:nether_state_selector",
											"min_threshold": 0,
											"max_threshold": 1.7976931348623157e+308
										},
										"then_run": {
											"type": "minecraft:block",
											"result_state": {
												"Name": "minecraft:soul_sand"
											}
										}
									},
									{
										"type": "minecraft:block",
										"result_state": {
											"Name": "minecraft:soul_soil"
										}
									}
								]
							}
						},
						{
							"type": "minecraft:condition",
							"if_true": {
								"type": "minecraft:stone_depth",
								"offset": 0,
								"surface_type": "floor",
								"add_surface_depth": true,
								"secondary_depth_range": 0
							},
							"then_run": {
								"type": "minecraft:sequence",
								"sequence": [
									{
										"type": "minecraft:condition",
										"if_true": {
											"type": "minecraft:noise_threshold",
											"noise": "minecraft:patch",
											"min_threshold": -0.012,
											"max_threshold": 1.7976931348623157e+308
										},
										"then_run": {
											"type": "minecraft:condition",
											"if_true": {
												"type": "minecraft:y_above",
												"anchor": {
													"absolute": 30
												},
												"surface_depth_multiplier": 0,
												"add_stone_depth": true
											},
											"then_run": {
												"type": "minecraft:condition",
												"if_true": {
													"type": "minecraft:not",
													"invert": {
														"type": "minecraft:y_above",
														"anchor": {
															"absolute": 35
														},
														"surface_depth_multiplier": 0,
														"add_stone_depth": true
													}
												},
												"then_run": {
													"type": "minecraft:block",
													"result_state": {
														"Name": "minecraft:gravel"
													}
												}
											}
										}
									},
									{
										"type": "minecraft:condition",
										"if_true": {
											"type": "minecraft:noise_threshold",
											"noise": "minecraft:nether_state_selector",
											"min_threshold": 0,
											"max_threshold": 1.7976931348623157e+308
										},
										"then_run": {
											"type": "minecraft:block",
											"result_state": {
												"Name": "minecraft:soul_sand"
											}
										}
									},
									{
										"type": "minecraft:block",
										"result_state": {
											"Name": "minecraft:soul_soil"
										}
									}
								]
							}
						}
					]
				}
			},
			{
				"type": "minecraft:condition",
				"if_true": {
					"type": "minecraft:stone_depth",
					"offset": 0,
					"surface_type": "floor",
					"add_surface_depth": false,
					"secondary_depth_range": 0
				},
				"then_run": {
					"type": "minecraft:sequence",
					"sequence": [
						{
							"type": "minecraft:condition",
							"if_true": {
								"type": "minecraft:not",
								"invert": {
									"type": "minecraft:y_above",
									"anchor": {
										"absolute": 32
									},
									"surface_depth_multiplier": 0,
									"add_stone_depth": false
								}
							},
							"then_run": {
								"type": "minecraft:condition",
								"if_true": {
									"type": "minecraft:hole"
								},
								"then_run": {
									"type": "minecraft:block",
									"result_state": {
										"Name": "minecraft:lava",
										"Properties": {
											"level": "0"
										}
									}
								}
							}
						},
						{
							"type": "minecraft:condition",
							"if_true": {
								"type": "minecraft:biome",
								"biome_is": [
									"minecraft:warped_forest"
								]
							},
							"then_run": {
								"type": "minecraft:condition",
								"if_true": {
									"type": "minecraft:not",
									"invert": {
										"type": "minecraft:noise_threshold",
										"noise": "minecraft:netherrack",
										"min_threshold": 0.54,
										"max_threshold": 1.7976931348623157e+308
									}
								},
								"then_run": {
									"type": "minecraft:condition",
									"if_true": {
										"type": "minecraft:y_above",
										"anchor": {
											"absolute": 31
										},
										"surface_depth_multiplier": 0,
										"add_stone_depth": false
									},
									"then_run": {
										"type": "minecraft:sequence",
										"sequence": [
											{
												"type": "minecraft:condition",
												"if_true": {
													"type": "minecraft:noise_threshold",
													"noise": "minecraft:nether_wart",
													"min_threshold": 1.17,
													"max_threshold": 1.7976931348623157e+308
												},
												"then_run": {
													"type": "minecraft:block",
													"result_state": {
														"Name": "minecraft:warped_wart_block"
													}
												}
											},
											{
												"type": "minecraft:block",
												"result_state": {
													"Name": "minecraft:warped_nylium"
												}
											}
										]
									}
								}
							}
						},
						{
							"type": "minecraft:condition",
							"if_true": {
								"type": "minecraft:biome",
								"biome_is": [
									"minecraft:crimson_forest"
								]
							},
							"then_run": {
								"type": "minecraft:condition",
								"if_true": {
									"type": "minecraft:not",
									"invert": {
										"type": "minecraft:noise_threshold",
										"noise": "minecraft:netherrack",
										"min_threshold": 0.54,
										"max_threshold": 1.7976931348623157e+308
									}
								},
								"then_run": {
									"type": "minecraft:condition",
									"if_true": {
										"type": "minecraft:y_above",
										"anchor": {
											"absolute": 31
										},
										"surface_depth_multiplier": 0,
										"add_stone_depth": false
									},
									"then_run": {
										"type": "minecraft:sequence",
										"sequence": [
											{
												"type": "minecraft:condition",
												"if_true": {
													"type": "minecraft:noise_threshold",
													"noise": "minecraft:nether_wart",
													"min_threshold": 1.17,
													"max_threshold": 1.7976931348623157e+308
												},
												"then_run": {
													"type": "minecraft:block",
													"result_state": {
														"Name": "minecraft:nether_wart_block"
													}
												}
											},
											{
												"type": "minecraft:block",
												"result_state": {
													"Name": "minecraft:crimson_nylium"
												}
											}
										]
									}
								}
							}
						}
					]
				}
			},
			{
				"type": "minecraft:condition",
				"if_true": {
					"type": "minecraft:biome",
					"biome_is": [
						"minecraft:nether_wastes"
					]
				},
				"then_run": {
					"type": "minecraft:sequence",
					"sequence": [
						{
							"type": "minecraft:condition",
							"if_true": {
								"type": "minecraft:stone_depth",
								"offset": 0,
								"surface_type": "floor",
								"add_surface_depth": true,
								"secondary_depth_range": 0
							},
							"then_run": {
								"type": "minecraft:condition",
								"if_true": {
									"type": "minecraft:noise_threshold",
									"noise": "minecraft:soul_sand_layer",
									"min_threshold": -0.012,
									"max_threshold": 1.7976931348623157e+308
								},
								"then_run": {
									"type": "minecraft:sequence",
									"sequence": [
										{
											"type": "minecraft:condition",
											"if_true": {
												"type": "minecraft:not",
												"invert": {
													"type": "minecraft:hole"
												}
											},
											"then_run": {
												"type": "minecraft:condition",
												"if_true": {
													"type": "minecraft:y_above",
													"anchor": {
														"absolute": 30
													},
													"surface_depth_multiplier": 0,
													"add_stone_depth": true
												},
												"then_run": {
													"type": "minecraft:condition",
													"if_true": {
														"type": "minecraft:not",
														"invert": {
															"type": "minecraft:y_above",
															"anchor": {
																"absolute": 35
															},
															"surface_depth_multiplier": 0,
															"add_stone_depth": true
														}
													},
													"then_run": {
														"type": "minecraft:block",
														"result_state": {
															"Name": "minecraft:soul_sand"
														}
													}
												}
											}
										},
										{
											"type": "minecraft:block",
											"result_state": {
												"Name": "minecraft:netherrack"
											}
										}
									]
								}
							}
						},
						{
							"type": "minecraft:condition",
							"if_true": {
								"type": "minecraft:stone_depth",
								"offset": 0,
								"surface_type": "floor",
								"add_surface_depth": false,
								"secondary_depth_range": 0
							},
							"then_run": {
								"type": "minecraft:condition",
								"if_true": {
									"type": "minecraft:y_above",
									"anchor": {
										"absolute": 31
									},
									"surface_depth_multiplier": 0,
									"add_stone_depth": false
								},
								"then_run": {
									"type": "minecraft:condition",
									"if_true": {
										"type": "minecraft:not",
										"invert": {
											"type": "minecraft:y_above",
											"anchor": {
												"absolute": 35
											},
											"surface_depth_multiplier": 0,
											"add_stone_depth": true
										}
									},
									"then_run": {
										"type": "minecraft:condition",
										"if_true": {
											"type": "minecraft:noise_threshold",
											"noise": "minecraft:gravel_layer",
											"min_threshold": -0.012,
											"max_threshold": 1.7976931348623157e+308
										},
										"then_run": {
											"type": "minecraft:sequence",
											"sequence": [
												{
													"type": "minecraft:condition",
													"if_true": {
														"type": "minecraft:y_above",
														"anchor": {
															"absolute": 32
														},
														"surface_depth_multiplier": 0,
														"add_stone_depth": false
													},
													"then_run": {
														"type": "minecraft:block",
														"result_state": {
															"Name": "minecraft:gravel"
														}
													}
												},
												{
													"type": "minecraft:condition",
													"if_true": {
														"type": "minecraft:not",
														"invert": {
															"type": "minecraft:hole"
														}
													},
													"then_run": {
														"type": "minecraft:block",
														"result_state": {
															"Name": "minecraft:gravel"
														}
													}
												}
											]
										}
									}
								}
							}
						}
					]
				}
			},
			{
				"type": "minecraft:block",
				"result_state": {
					"Name": "minecraft:netherrack"
				}
			}
		]
	}
}
