{
    "display": {
      "icon": {
        "item": "minecraft:basalt"
      },
      "title": {
        "translate": "Thick Layer of Dust"
      },
      "description": {
        "translate": "Discover Basalt Deltas biome"
      },
      "frame": "task",
      "show_toast": true,
      "announce_to_chat": true,
      "hidden": false
    },
    "parent": "minecraft:nether/explore_nether",
    "criteria": {
      "minecraft:basalt_deltas": {
        "trigger": "minecraft:location",
        "conditions": {
          "location": {
            "biome": "minecraft:basalt_deltas"
          }
        }
      }
    },
    "requirements": [
      [
        "minecraft:basalt_deltas"
      ]
    ],
    "rewards": {}
  }
  