{
	"type": "minecraft:chest",
	"pools": [
		{
			"rolls": 1,
			"bonus_rolls": 0,
			"entries": [
				{
					"type": "minecraft:item",
					"weight": 20,
					"name": "minecraft:golden_apple"
				},
				{
					"type": "minecraft:item",
					"name": "minecraft:enchanted_golden_apple"
				},
				{
					"type": "minecraft:item",
					"weight": 30,
					"name": "minecraft:name_tag"
				},
				{
					"type": "minecraft:item",
					"weight": 5,
					"name": "minecraft:golden_pickaxe"
				},
				{
					"type": "minecraft:empty",
					"weight": 5
				}
			]
		},
		{
			"rolls": {
				"type": "minecraft:uniform",
				"min": 2,
				"max": 4
			},
			"bonus_rolls": 0,
			"entries": [
				{
					"type": "minecraft:item",
					"weight": 5,
					"name": "minecraft:gold_ingot",
					"functions": [
						{
							"function": "minecraft:set_count",
							"count": {
								"type": "minecraft:uniform",
								"min": 1,
								"max": 3
							},
							"add": false
						}
					]
				},
				{
					"type": "minecraft:item",
					"weight": 5,
					"name": "minecraft:coal",
					"functions": [
						{
							"function": "minecraft:set_count",
							"count": {
								"type": "minecraft:uniform",
								"min": 4,
								"max": 9
							},
							"add": false
						}
					]
				},
				{
					"type": "minecraft:item",
					"weight": 5,
					"name": "minecraft:quartz",
					"functions": [
						{
							"function": "minecraft:set_count",
							"count": {
								"type": "minecraft:uniform",
								"min": 4,
								"max": 9
							},
							"add": false
						}
					]
				},
				{
					"type": "minecraft:item",
					"weight": 15,
					"name": "minecraft:cooked_porkchop",
					"functions": [
						{
							"function": "minecraft:set_count",
							"count": {
								"type": "minecraft:uniform",
								"min": 1,
								"max": 3
							},
							"add": false
						}
					]
				},
				{
					"type": "minecraft:item",
					"weight": 15,
					"name": "minecraft:glow_berries",
					"functions": [
						{
							"function": "minecraft:set_count",
							"count": {
								"type": "minecraft:uniform",
								"min": 3,
								"max": 6
							},
							"add": false
						}
					]
				},
				{
					"type": "minecraft:item",
					"weight": 10,
					"name": "minecraft:magma_cream",
					"functions": [
						{
							"function": "minecraft:set_count",
							"count": {
								"type": "minecraft:uniform",
								"min": 2,
								"max": 4
							},
							"add": false
						}
					]
				},
				{
					"type": "minecraft:item",
					"weight": 10,
					"name": "minecraft:magma_block",
					"functions": [
						{
							"function": "minecraft:set_count",
							"count": {
								"type": "minecraft:uniform",
								"min": 2,
								"max": 4
							},
							"add": false
						}
					]
				},
				{
					"type": "minecraft:item",
					"weight": 10,
					"name": "minecraft:netherrack",
					"functions": [
						{
							"function": "minecraft:set_count",
							"count": {
								"type": "minecraft:uniform",
								"min": 2,
								"max": 4
							},
							"add": false
						}
					]
				}
			]
		},
		{
			"rolls": 3,
			"bonus_rolls": 0,
			"entries": [
				{
					"type": "minecraft:item",
					"weight": 20,
					"name": "minecraft:rail",
					"functions": [
						{
							"function": "minecraft:set_count",
							"count": {
								"type": "minecraft:uniform",
								"min": 4,
								"max": 8
							},
							"add": false
						}
					]
				},
				{
					"type": "minecraft:item",
					"weight": 15,
					"name": "minecraft:blackstone",
					"functions": [
						{
							"function": "minecraft:set_count",
							"count": {
								"type": "minecraft:uniform",
								"min": 1,
								"max": 4
							},
							"add": false
						}
					]
				},
				{
					"type": "minecraft:item",
					"weight": 10,
					"name": "minecraft:gilded_blackstone",
					"functions": [
						{
							"function": "minecraft:set_count",
							"count": {
								"type": "minecraft:uniform",
								"min": 1,
								"max": 4
							},
							"add": false
						}
					]
				},
				{
					"type": "minecraft:item",
					"weight": 15,
					"name": "minecraft:nether_quartz_ore",
					"functions": [
						{
							"function": "minecraft:set_count",
							"count": {
								"type": "minecraft:uniform",
								"min": 1,
								"max": 4
							},
							"add": false
						}
					]
				},
				{
					"type": "minecraft:item",
					"weight": 15,
					"name": "minecraft:soul_torch",
					"functions": [
						{
							"function": "minecraft:set_count",
							"count": {
								"type": "minecraft:uniform",
								"min": 1,
								"max": 16
							},
							"add": false
						}
					]
				}
			]
		}
	]
}
